City_ID,City,Country,Date,Lat,Lng,Max Temp,Humidity,Cloudiness,Wind Speed
0,Yellowknife,CA,2021-01-05 04:05:15,62.46,-114.35,-23.01,74,20,8.05
1,Cabo San Lucas,MX,2021-01-05 04:09:34,22.89,-109.91,64.4,59,5,5.82
2,Hermanus,ZA,2021-01-05 04:09:34,-34.42,19.23,68.0,89,100,11.5
3,Santa Maria,BR,2021-01-05 04:09:34,-29.68,-53.81,73.4,94,40,6.93
4,Khatanga,RU,2021-01-05 04:09:35,71.97,102.5,-9.02,89,94,17.29
5,Hobart,AU,2021-01-05 04:07:48,-42.88,147.33,73.99,52,40,12.75
6,Rawson,AR,2021-01-05 04:09:35,-43.3,-65.1,58.69,68,0,9.84
7,Maltahohe,NA,2021-01-05 04:09:35,-24.83,16.98,66.92,69,59,7.65
8,Caraquet,CA,2021-01-05 04:09:36,47.79,-64.94,23.0,92,65,4.7
9,Tuktoyaktuk,CA,2021-01-05 04:09:36,69.45,-133.04,-14.8,75,90,12.75
10,Lagoa,PT,2021-01-05 04:09:36,39.05,-27.98,60.84,81,96,26.49
11,Hambantota,LK,2021-01-05 04:09:37,6.12,81.12,77.0,100,75,2.24
12,Punta Arenas,CL,2021-01-05 04:08:02,-53.15,-70.92,51.8,57,44,9.17
13,Mataura,NZ,2021-01-05 04:09:37,-46.19,168.86,58.37,87,100,0.89
14,Arraial Do Cabo,BR,2021-01-05 04:06:40,-22.97,-42.03,73.4,94,0,5.82
15,Bluff,NZ,2021-01-05 04:09:38,-46.6,168.33,55.22,90,99,3.18
16,Hua Hin,TH,2021-01-05 04:06:13,12.57,99.96,84.2,48,20,9.17
17,Eskhar,UA,2021-01-05 04:09:38,49.8,36.59,32.0,96,90,15.66
18,Butaritari,KI,2021-01-05 04:09:39,3.07,172.79,82.17,77,100,18.7
19,Lebanon,US,2021-01-05 04:08:29,36.21,-86.29,46.99,81,40,4.7
20,Bambous Virieux,MU,2021-01-05 04:09:39,-20.34,57.76,81.0,78,40,6.93
21,Luderitz,NA,2021-01-05 04:09:39,-26.65,15.16,68.0,88,57,5.82
22,Hay River,CA,2021-01-05 04:09:40,60.82,-115.8,-23.8,74,97,2.24
23,Moyale,KE,2021-01-05 04:09:40,3.52,39.06,67.41,58,34,3.56
24,San Patricio,US,2021-01-05 04:09:40,28.02,-97.52,59.0,100,40,3.36
25,Nikolskoye,RU,2021-01-05 04:09:41,59.7,30.79,27.0,85,40,2.24
26,Vestmannaeyjar,IS,2021-01-05 04:09:41,63.44,-20.27,38.12,95,100,3.24
27,Kodiak,US,2021-01-05 04:09:41,57.79,-152.41,33.8,96,90,8.05
28,Thompson,CA,2021-01-05 04:09:42,55.74,-97.86,-5.8,83,75,3.69
29,Nabire,ID,2021-01-05 04:09:42,-3.37,135.48,84.69,75,68,4.41
30,Airai,TL,2021-01-05 04:09:42,-8.93,125.41,71.85,85,97,3.36
31,Ponta Do Sol,PT,2021-01-05 04:09:42,32.67,-17.1,64.4,72,40,5.82
32,Port Alfred,ZA,2021-01-05 04:09:43,-33.59,26.89,73.99,95,74,3.0
33,Tallahassee,US,2021-01-05 04:05:07,30.44,-84.28,44.01,93,1,2.64
34,Saint George,US,2021-01-05 04:05:47,37.1,-113.58,46.0,36,1,8.05
35,Busselton,AU,2021-01-05 04:09:43,-33.65,115.33,82.99,35,0,5.01
36,Rincon,US,2021-01-05 04:09:44,32.3,-81.24,44.6,81,1,4.38
37,Upernavik,GL,2021-01-05 04:09:44,72.79,-56.15,18.54,88,100,35.34
38,Hilo,US,2021-01-05 04:09:44,19.73,-155.09,77.0,69,90,6.93
39,Yeppoon,AU,2021-01-05 04:09:44,-23.13,150.73,89.6,49,75,6.93
40,North Bend,US,2021-01-05 04:05:07,43.41,-124.22,48.99,93,75,6.93
41,Katsuura,JP,2021-01-05 04:09:45,35.13,140.3,51.01,47,100,3.0
42,Ferkessedougou,CI,2021-01-05 04:09:45,9.6,-5.2,73.71,35,1,3.6
43,Mount Isa,AU,2021-01-05 04:08:43,-20.73,139.5,96.8,30,40,12.75
44,Avarua,CK,2021-01-05 04:09:46,-21.21,-159.78,82.4,69,29,14.99
45,Rikitea,PF,2021-01-05 04:09:46,-23.12,-134.97,77.07,71,1,17.31
46,Lazaro Cardenas,MX,2021-01-05 04:09:32,17.96,-102.2,74.25,80,0,4.38
47,Corinto,GR,2021-01-05 04:09:46,37.94,22.96,50.0,67,24,6.02
48,Ribeira Grande,PT,2021-01-05 04:09:47,38.52,-28.7,61.81,85,100,28.01
49,Shingu,JP,2021-01-05 04:09:47,33.73,135.98,46.4,45,75,12.75
50,Honningsvag,NO,2021-01-05 04:09:47,70.98,25.97,39.2,79,75,11.41
51,Dikson,RU,2021-01-05 04:09:47,73.51,80.55,2.88,94,100,25.93
52,Pisco,PE,2021-01-05 04:09:48,-13.7,-76.22,69.8,88,0,10.29
53,Ariquemes,BR,2021-01-05 04:09:48,-9.91,-63.04,72.39,92,100,1.81
54,Ushuaia,AR,2021-01-05 04:09:48,-54.8,-68.3,51.8,53,75,3.36
55,Severo-Kurilsk,RU,2021-01-05 04:09:49,50.68,156.12,19.87,91,76,22.95
56,Matanzas,CU,2021-01-05 04:09:49,23.04,-81.58,73.4,88,40,11.41
57,Boa Vista,BR,2021-01-05 04:09:49,2.82,-60.67,78.8,78,40,2.24
58,Mildura,AU,2021-01-05 04:09:49,-34.2,142.15,78.01,44,75,11.41
59,Antofagasta,CL,2021-01-05 04:04:58,-23.65,-70.4,66.2,82,75,6.93
60,Eyl,SO,2021-01-05 04:09:50,7.98,49.82,73.04,65,58,17.02
61,Ketchikan,US,2021-01-05 04:09:50,55.34,-131.65,39.2,86,90,28.86
62,Chokurdakh,RU,2021-01-05 04:09:51,70.63,147.92,-25.11,85,55,11.36
63,Bredasdorp,ZA,2021-01-05 04:09:51,-34.53,20.04,69.8,83,100,8.05
64,Bathsheba,BB,2021-01-05 04:09:51,13.22,-59.52,78.8,69,40,17.22
65,Kapaa,US,2021-01-05 04:09:51,22.08,-159.32,75.2,78,40,10.29
66,Coahuayana,MX,2021-01-05 04:09:52,18.73,-103.68,73.4,73,5,3.47
67,Batticaloa,LK,2021-01-05 04:09:08,7.71,81.69,79.61,82,96,4.07
68,Katangli,RU,2021-01-05 04:09:52,51.71,143.23,-5.91,87,100,12.01
69,Ulladulla,AU,2021-01-05 04:09:52,-35.35,150.47,82.4,54,32,3.36
70,Castro,BR,2021-01-05 04:09:53,-24.79,-50.01,60.58,97,73,4.79
71,Mar Del Plata,AR,2021-01-05 04:08:43,-38.0,-57.56,66.99,100,90,13.87
72,Tezu,IN,2021-01-05 04:09:53,27.92,96.17,75.63,22,5,3.02
73,Barrow,US,2021-01-05 04:09:53,71.29,-156.79,-18.4,91,90,4.7
74,Geraldton,AU,2021-01-05 04:09:54,-28.77,114.6,95.0,19,0,28.86
75,Ambilobe,MG,2021-01-05 04:09:54,-13.2,49.05,77.22,84,1,1.68
76,Tual,ID,2021-01-05 04:08:57,-5.67,132.75,81.57,80,100,15.14
77,Mayumba,GA,2021-01-05 04:09:54,-3.43,10.66,77.11,86,96,4.34
78,Atuona,PF,2021-01-05 04:09:55,-9.8,-139.03,78.44,77,93,16.73
79,Hirara,JP,2021-01-05 04:09:55,24.8,125.28,69.8,88,75,18.34
80,Lebu,CL,2021-01-05 04:09:55,-37.62,-73.65,55.33,82,0,18.95
81,Oriximina,BR,2021-01-05 04:09:56,-1.77,-55.87,76.5,84,98,2.1
82,Ishigaki,JP,2021-01-05 04:08:13,24.34,124.16,69.8,88,75,21.92
83,Cape Town,ZA,2021-01-05 04:09:56,-33.93,18.42,69.01,93,75,20.8
84,Langsa,ID,2021-01-05 04:08:32,4.47,97.97,86.04,64,61,4.43
85,Ancud,CL,2021-01-05 04:09:57,-41.87,-73.82,53.01,71,0,11.41
86,Makakilo City,US,2021-01-05 04:09:57,21.35,-158.09,80.6,57,75,5.82
87,Saint Anthony,US,2021-01-05 04:09:58,45.02,-93.22,32.0,80,1,8.05
88,Billings,US,2021-01-05 04:07:13,45.78,-108.5,41.0,27,75,6.93
89,Santiago,CL,2021-01-05 04:05:13,-33.46,-70.65,64.4,34,0,10.29
90,Port Hedland,AU,2021-01-05 04:09:58,-20.32,118.57,96.8,30,34,17.22
91,Guerrero Negro,MX,2021-01-05 04:09:59,27.98,-114.06,59.14,78,41,10.27
92,Bodhan,IN,2021-01-05 04:09:59,18.67,77.9,72.91,58,79,3.29
93,Chuy,UY,2021-01-05 04:10:00,-33.7,-53.46,69.71,88,82,10.16
94,Qaanaaq,GL,2021-01-05 04:10:00,77.48,-69.36,-4.22,74,77,4.9
95,Carnarvon,AU,2021-01-05 04:10:00,-24.87,113.63,89.6,46,0,12.75
96,Simav,TR,2021-01-05 04:10:01,39.09,28.98,44.02,86,84,6.82
97,Svetlogorsk,BY,2021-01-05 04:10:01,52.63,29.73,30.94,98,99,10.02
98,Saint-Philippe,RE,2021-01-05 04:10:01,-21.36,55.77,78.8,74,90,11.41
99,Saskylakh,RU,2021-01-05 04:10:02,71.92,114.08,0.05,91,100,14.43
100,Zhigalovo,RU,2021-01-05 04:10:02,54.81,105.16,-27.11,80,100,4.25
101,Torbay,CA,2021-01-05 04:05:19,47.67,-52.73,33.01,100,90,16.11
102,Pevek,RU,2021-01-05 04:10:03,69.7,170.31,-15.14,89,100,8.05
103,Pokrovsk,UA,2021-01-05 04:10:03,48.28,37.18,30.51,96,100,13.49
104,Hasaki,JP,2021-01-05 04:10:04,35.73,140.83,50.0,70,75,4.7
105,Muros,ES,2021-01-05 04:10:04,42.78,-9.06,32.0,96,8,7.07
106,Tasiilaq,GL,2021-01-05 04:10:04,65.61,-37.64,17.6,57,1,2.24
107,Santa Barbara,US,2021-01-05 04:05:39,34.73,-120.03,54.0,87,1,12.75
108,Padang,ID,2021-01-05 04:06:52,-0.95,100.35,89.6,55,20,6.93
109,Batemans Bay,AU,2021-01-05 04:10:05,-35.72,150.18,80.01,75,83,3.0
110,Carbonia,IT,2021-01-05 04:10:06,39.17,8.52,44.6,81,75,5.82
111,Hobyo,SO,2021-01-05 04:10:06,5.35,48.53,76.44,68,100,19.57
112,Sawakin,SD,2021-01-05 04:10:06,19.11,37.33,76.6,78,88,4.45
113,Vondrozo,MG,2021-01-05 04:10:06,-22.82,47.28,67.86,94,7,1.36
114,Sohag,EG,2021-01-05 04:10:07,26.56,31.69,48.2,93,7,4.7
115,Kaitangata,NZ,2021-01-05 04:10:07,-46.28,169.85,57.99,88,100,1.99
116,Comodoro Rivadavia,AR,2021-01-05 04:05:21,-45.87,-67.5,57.2,62,0,8.05
117,Ixtapa,MX,2021-01-05 04:10:07,20.7,-105.2,68.0,88,5,2.24
118,Yar-Sale,RU,2021-01-05 04:10:08,66.83,70.83,-14.42,88,2,12.91
119,Flinders,AU,2021-01-05 04:10:08,-34.58,150.86,81.0,75,33,3.0
120,Faanui,PF,2021-01-05 04:10:08,-16.48,-151.75,81.12,74,100,16.31
121,Klaksvik,FO,2021-01-05 04:10:09,62.23,-6.59,39.2,100,90,7.05
122,Tiksi,RU,2021-01-05 04:10:09,71.69,128.87,-13.97,89,99,10.58
123,Nanortalik,GL,2021-01-05 04:10:09,60.14,-45.24,28.04,97,99,8.28
124,Nishihara,JP,2021-01-05 04:10:09,26.18,127.76,66.2,77,90,14.99
125,Salalah,OM,2021-01-05 04:10:10,17.02,54.09,68.0,42,20,10.29
126,Namatanai,PG,2021-01-05 04:10:10,-3.67,152.43,86.34,62,27,8.08
127,Cayenne,GF,2021-01-05 04:10:10,4.93,-52.33,75.2,100,0,9.19
128,Inirida,CO,2021-01-05 04:10:10,3.87,-67.92,72.73,96,36,1.79
129,Asyut,EG,2021-01-05 04:10:11,27.18,31.18,44.6,75,0,5.44
130,Talnakh,RU,2021-01-05 04:07:02,69.49,88.4,-13.0,75,90,17.9
131,Vardo,NO,2021-01-05 04:10:11,70.37,31.11,28.4,86,75,13.87
132,Patti,IN,2021-01-05 04:10:12,31.28,74.86,60.8,87,75,8.34
133,Kruisfontein,ZA,2021-01-05 04:10:12,-34.0,24.73,71.01,95,98,4.0
134,Albany,US,2021-01-05 04:06:48,42.6,-73.97,34.0,87,97,2.48
135,Aklavik,CA,2021-01-05 04:10:12,68.22,-135.01,-11.2,76,100,5.82
136,Norman Wells,CA,2021-01-05 04:10:13,65.28,-126.83,-7.6,63,20,17.22
137,Iskenderun,TR,2021-01-05 04:06:05,36.59,36.17,46.4,65,20,4.7
138,Lompoc,US,2021-01-05 04:10:13,34.64,-120.46,55.99,93,90,4.7
139,New Norfolk,AU,2021-01-05 04:10:13,-42.78,147.06,75.0,38,79,1.01
140,Bethel,US,2021-01-05 04:10:14,41.37,-73.41,30.99,94,90,3.62
141,Longyearbyen,SJ,2021-01-05 04:10:14,78.22,15.64,30.2,86,90,46.08
142,Codrington,AU,2021-01-05 04:10:14,-38.27,141.97,58.84,83,100,17.09
143,Scotts Valley,US,2021-01-05 04:10:14,37.05,-122.01,50.0,98,12,2.91
144,Naze,JP,2021-01-05 04:07:21,28.37,129.48,64.4,88,75,19.46
145,Buta,CD,2021-01-05 04:10:15,2.79,24.73,68.7,95,94,1.63
146,Trinidad,BO,2021-01-05 04:10:15,-14.83,-64.9,75.54,90,100,3.49
147,Rafai,CF,2021-01-05 04:10:15,4.95,23.92,67.95,57,53,1.1
148,Mahebourg,MU,2021-01-05 04:10:16,-20.41,57.7,77.0,78,40,6.93
149,Baykit,RU,2021-01-05 04:10:16,61.67,96.37,-14.89,84,100,3.51
150,Rodrigues Alves,BR,2021-01-05 04:10:16,-7.74,-72.65,74.12,97,100,1.97
151,Sisimiut,GL,2021-01-05 04:10:17,66.94,-53.67,12.67,94,100,7.56
152,Victoria,HK,2021-01-05 04:06:15,22.29,114.16,69.01,47,17,1.01
153,Camacha,PT,2021-01-05 04:10:17,33.08,-16.33,64.4,77,40,10.29
154,Sandy Bay,AU,2021-01-05 04:10:17,-42.91,147.35,73.99,52,40,12.75
155,Deputatskiy,RU,2021-01-05 04:10:18,69.3,139.9,-29.22,84,31,5.7
156,Morondava,MG,2021-01-05 04:10:18,-20.28,44.28,81.09,77,59,4.99
157,Rancho Palos Verdes,US,2021-01-05 04:07:56,33.74,-118.39,57.99,94,57,1.99
158,East London,ZA,2021-01-05 04:08:29,-33.02,27.91,71.6,94,0,5.82
159,Rocha,UY,2021-01-05 04:10:19,-34.48,-54.33,67.46,92,69,9.57
160,Puerto Ayora,EC,2021-01-05 04:10:19,-0.74,-90.35,71.01,91,45,7.85
161,Jamestown,US,2021-01-05 04:05:58,42.1,-79.24,32.0,100,90,3.36
162,Mareeba,AU,2021-01-05 04:10:20,-17.0,145.43,87.01,92,80,1.01
163,Ilulissat,GL,2021-01-05 04:10:20,69.22,-51.1,8.64,94,99,2.71
164,Orlik,RU,2021-01-05 04:10:20,52.52,99.83,-26.37,72,93,4.12
165,Wattegama,LK,2021-01-05 04:10:21,6.8,81.48,77.0,100,75,2.24
166,Sinnamary,GF,2021-01-05 04:10:21,5.38,-52.95,77.58,86,69,9.01
167,El Vigia,VE,2021-01-05 04:10:21,8.62,-71.65,73.4,77,40,2.3
168,Truro,GB,2021-01-05 04:10:21,50.27,-5.05,36.0,80,50,14.99
169,Labuhan,ID,2021-01-05 04:10:22,-6.88,112.21,82.2,80,98,9.24
170,Mbandaka,CD,2021-01-05 04:10:22,0.05,18.26,70.92,93,97,3.76
171,Vaini,TO,2021-01-05 04:10:22,-21.2,-175.2,82.4,83,75,13.87
172,Solnechnyy,RU,2021-01-05 04:10:22,50.72,136.63,-9.67,82,87,2.68
173,Rwamagana,RW,2021-01-05 04:10:23,-1.95,30.43,60.8,87,40,3.36
174,Priargunsk,RU,2021-01-05 04:10:23,50.37,119.1,-17.75,86,98,3.06
175,Roald,NO,2021-01-05 04:10:23,62.58,6.13,30.0,74,86,6.93
176,Qasigiannguit,GL,2021-01-05 04:10:23,68.82,-51.19,5.72,93,84,1.5
177,Noumea,NC,2021-01-05 04:10:24,-22.28,166.46,91.4,66,85,3.36
178,Traismauer,AT,2021-01-05 04:10:24,48.35,15.76,37.99,99,99,3.62
179,Oktyabrskiy,RU,2021-01-05 04:10:24,54.48,53.47,13.69,96,100,6.78
180,Isangel,VU,2021-01-05 04:10:24,-19.55,169.27,82.4,83,90,6.93
181,Beloha,MG,2021-01-05 04:10:25,-25.17,45.05,79.99,59,19,4.68
182,Sola,VU,2021-01-05 04:10:25,-13.88,167.55,84.2,83,75,9.24
183,Lavrentiya,RU,2021-01-05 04:10:25,65.58,-171.0,-7.55,88,13,9.93
184,Magistralnyy,RU,2021-01-05 04:10:26,56.17,107.45,-24.25,81,100,1.32
185,Goderich,CA,2021-01-05 04:10:26,43.75,-81.72,33.8,74,100,9.17
186,Te Anau,NZ,2021-01-05 04:10:27,-45.42,167.72,55.94,83,93,4.27
187,Mnogovershinnyy,RU,2021-01-05 04:10:27,53.94,139.92,-15.45,89,100,7.63
188,Esperance,AU,2021-01-05 04:10:27,-33.87,121.9,71.6,43,40,14.99
189,Manuk Mangkaw,PH,2021-01-05 04:10:28,4.8,119.85,80.91,72,53,2.73
190,Ahar,IR,2021-01-05 04:10:28,38.48,47.07,17.53,81,0,3.94
191,Togur,RU,2021-01-05 04:10:28,58.36,82.83,-25.89,85,12,1.25
192,Georgetown,MY,2021-01-05 04:09:02,5.41,100.34,84.0,78,40,9.17
193,Koscierzyna,PL,2021-01-05 04:10:29,54.12,17.98,32.0,97,90,11.41
194,Naron,ES,2021-01-05 04:10:29,43.52,-8.15,37.0,100,90,4.7
195,Kabin Buri,TH,2021-01-05 04:10:29,13.95,101.72,85.98,43,2,6.87
196,Kurilsk,RU,2021-01-05 04:10:29,45.23,147.88,21.34,88,99,22.06
197,Port Elizabeth,ZA,2021-01-05 04:06:40,-33.92,25.57,71.6,100,90,5.82
198,Avera,US,2021-01-05 04:10:30,33.19,-82.53,39.2,100,1,6.98
199,Bulawayo,ZW,2021-01-05 04:10:30,-20.15,28.58,63.48,91,0,4.97
200,Tilichiki,RU,2021-01-05 04:10:30,60.47,166.1,-16.58,89,21,10.36
201,Aksarka,RU,2021-01-05 04:10:31,66.56,67.8,-16.85,88,86,13.62
202,Maniitsoq,GL,2021-01-05 04:10:31,65.42,-52.9,21.06,97,100,14.52
203,Gidam,IN,2021-01-05 04:10:31,18.98,81.4,76.37,38,47,3.13
204,Ballina,AU,2021-01-05 04:10:31,-28.87,153.57,91.4,66,40,16.11
205,Santa Cruz,BO,2021-01-05 04:10:32,-17.8,-63.17,71.6,94,90,3.36
206,Aranjuez,ES,2021-01-05 04:10:32,40.03,-3.6,35.01,86,0,3.36
207,Chikwawa,MW,2021-01-05 04:10:33,-16.03,34.8,75.29,81,70,0.98
208,Koutsouras,GR,2021-01-05 04:10:33,35.03,25.95,57.99,72,13,8.01
209,Rundu,NA,2021-01-05 04:10:33,-17.93,19.77,66.22,93,90,4.21
210,Srednekolymsk,RU,2021-01-05 04:10:33,67.45,153.68,-28.95,84,67,6.67
211,Alta Floresta,BR,2021-01-05 04:10:34,-9.88,-56.09,71.22,96,96,1.03
212,Dunedin,NZ,2021-01-05 04:10:34,-45.87,170.5,57.99,88,100,1.99
213,Prescott,US,2021-01-05 04:10:34,34.54,-112.47,42.01,49,91,2.91
214,Twin Falls,US,2021-01-05 04:10:34,42.35,-114.64,46.4,61,1,20.8
215,Provideniya,RU,2021-01-05 04:10:35,64.38,-173.3,-3.05,86,0,12.55
216,Namibe,AO,2021-01-05 04:06:21,-15.2,12.15,70.97,76,99,4.07
217,Nome,US,2021-01-05 04:10:36,64.5,-165.41,-2.2,64,1,10.29
218,Mayo,US,2021-01-05 04:09:28,38.89,-76.51,42.01,93,90,4.79
219,Orodara,BF,2021-01-05 04:10:36,10.95,-4.93,77.0,36,0,6.93
220,Saint-Augustin,CA,2021-01-05 04:10:36,51.23,-58.65,18.52,94,0,4.47
221,Souillac,MU,2021-01-05 04:10:37,-20.52,57.52,77.0,78,40,6.93
222,Cidreira,BR,2021-01-05 04:10:37,-30.18,-50.21,73.67,80,100,18.66
223,Blackfoot,US,2021-01-05 04:10:37,43.19,-112.34,39.99,70,100,15.99
224,Saldanha,ZA,2021-01-05 04:10:37,-33.01,17.94,62.6,88,51,6.93
225,Praia Da Vitoria,PT,2021-01-05 04:10:37,38.73,-27.07,59.0,93,75,25.75
226,Cherskiy,RU,2021-01-05 04:10:38,68.75,161.3,-28.37,85,87,6.55
227,Truth Or Consequences,US,2021-01-05 04:10:38,33.13,-107.25,44.6,33,1,1.48
228,Samarai,PG,2021-01-05 04:10:38,-10.62,150.67,86.7,69,98,13.31
229,Skjervoy,NO,2021-01-05 04:10:39,70.03,20.97,43.54,81,100,12.75
230,Pangnirtung,CA,2021-01-05 04:10:39,66.15,-65.71,-21.46,81,88,1.43
231,Aketi,CD,2021-01-05 04:06:04,2.74,23.78,70.36,86,70,0.94
232,Gushikawa,JP,2021-01-05 04:09:24,26.35,127.87,66.2,93,90,17.22
233,Tonala,MX,2021-01-05 04:10:40,20.62,-103.23,57.2,41,5,0.92
234,Sorland,NO,2021-01-05 04:10:40,67.67,12.69,41.95,93,100,26.26
235,Akyab,MM,2021-01-05 04:10:41,20.15,92.9,78.13,47,50,4.36
236,Kropotkin,RU,2021-01-05 04:10:41,45.44,40.58,34.79,86,100,13.29
237,Pacific Grove,US,2021-01-05 04:08:10,36.62,-121.92,53.6,87,90,5.08
238,Taormina,IT,2021-01-05 04:09:50,37.85,15.29,48.0,68,0,4.54
239,Sitka,US,2021-01-05 04:10:42,57.05,-135.33,41.0,65,90,20.8
240,Velur,IN,2021-01-05 04:08:34,12.93,79.13,75.49,82,100,4.29
241,Havelock,US,2021-01-05 04:10:42,34.88,-76.9,42.01,100,1,2.21
242,Grand Gaube,MU,2021-01-05 04:10:42,-20.01,57.66,81.0,73,15,5.99
243,Poum,NC,2021-01-05 04:10:43,-20.23,164.02,81.99,82,67,10.13
244,Dera Bugti,PK,2021-01-05 04:10:43,29.03,69.15,57.47,48,0,6.22
245,Manaus,BR,2021-01-05 04:10:43,-3.1,-60.02,78.8,88,0,1.43
246,Bathurst,AU,2021-01-05 04:10:41,-33.42,149.58,80.01,45,10,3.0
247,Benguela,AO,2021-01-05 04:10:44,-12.58,13.41,73.8,79,59,2.55
248,Punta Cardon,VE,2021-01-05 04:10:44,11.66,-70.22,77.22,81,45,12.91
249,Verona,IT,2021-01-05 04:10:44,45.42,11.03,42.01,93,75,4.7
250,Grants,US,2021-01-05 04:10:45,35.15,-107.85,33.8,50,1,11.41
251,Ola,RU,2021-01-05 04:10:45,59.58,151.28,-4.29,83,100,12.44
252,Vila Velha,BR,2021-01-05 04:10:45,-20.33,-40.29,77.0,88,75,9.17
253,Kijang,KR,2021-01-05 04:10:45,35.24,129.21,42.8,45,75,12.75
254,Hurricane,US,2021-01-05 04:10:45,37.18,-113.29,46.0,47,4,1.01
255,Luwuk,ID,2021-01-05 04:10:46,-0.95,122.79,87.35,60,86,2.17
256,Kachug,RU,2021-01-05 04:10:46,53.96,105.88,-24.03,78,100,5.5
257,Minuri,PH,2021-01-05 04:10:46,16.54,121.86,79.41,79,77,4.25
258,Zile,TR,2021-01-05 04:10:47,40.3,35.89,30.2,92,0,3.74
259,Baft,IR,2021-01-05 04:10:47,29.23,56.61,32.68,70,2,2.53
260,Luau,AO,2021-01-05 04:10:47,-10.71,22.22,63.39,98,94,4.03
261,Middelburg,ZA,2021-01-05 04:10:47,-25.78,29.46,63.91,75,87,6.69
262,Itarema,BR,2021-01-05 04:10:48,-2.92,-39.92,84.2,70,20,2.24
263,Leningradskiy,RU,2021-01-05 04:10:48,69.38,178.42,-5.91,87,100,6.91
264,Micheweni,TZ,2021-01-05 04:10:48,-4.97,39.83,80.1,81,100,12.01
265,Veseloyarsk,RU,2021-01-05 04:10:49,51.28,81.11,-19.75,87,78,6.35
266,Flagstaff,US,2021-01-05 04:10:49,35.2,-111.65,39.0,54,1,5.14
267,Sakakah,SA,2021-01-05 04:10:49,29.97,40.21,50.0,81,41,6.98
268,Ilhabela,BR,2021-01-05 04:10:49,-23.78,-45.36,73.24,83,100,2.44
269,Nykoping,SE,2021-01-05 04:10:50,58.75,17.01,32.0,96,75,8.05
270,Buala,SB,2021-01-05 04:10:50,-8.14,159.59,87.55,61,90,5.26
271,Kavieng,PG,2021-01-05 04:10:51,-2.57,150.8,86.13,68,97,11.74
272,Sartell,US,2021-01-05 04:10:51,45.62,-94.21,30.2,80,1,9.17
273,Mahibadhoo,MV,2021-01-05 04:10:51,3.78,72.97,82.2,74,85,4.56
274,Brownwood,US,2021-01-05 04:10:51,31.71,-98.99,39.2,64,1,6.17
275,San Felipe,VE,2021-01-05 04:10:52,10.34,-68.74,68.86,89,53,1.81
276,Aykhal,RU,2021-01-05 04:10:52,66.0,111.5,-11.2,76,0,6.71
277,Slavyanka,RU,2021-01-05 04:10:52,42.86,131.38,11.95,73,0,8.16
278,Caluquembe,AO,2021-01-05 04:10:52,-13.78,14.68,55.26,73,100,5.64
279,Abu Dhabi,AE,2021-01-05 04:10:52,24.47,54.37,59.0,67,0,1.12
280,North Myrtle Beach,US,2021-01-05 04:10:53,33.82,-78.68,46.4,100,1,2.28
281,Boajibu,SL,2021-01-05 04:10:53,8.18,-11.33,73.85,94,40,1.66
282,Dumas,US,2021-01-05 04:10:53,35.87,-101.97,39.0,61,1,8.05
283,Tiznit,MA,2021-01-05 04:10:53,29.58,-9.5,55.26,52,65,2.35
284,Upata,VE,2021-01-05 04:10:54,8.01,-62.4,75.99,86,18,1.01
285,Atambua,ID,2021-01-05 04:10:54,-9.11,124.89,83.53,69,98,7.07
286,Itoman,JP,2021-01-05 04:10:54,26.12,127.67,66.2,93,75,21.92
287,Zhigansk,RU,2021-01-05 04:10:54,66.77,123.37,-40.31,80,67,8.75
288,Tulle,FR,2021-01-05 04:10:55,45.33,1.83,30.0,56,95,1.79
289,Olafsvik,IS,2021-01-05 04:10:55,64.89,-23.71,38.28,75,100,17.49
290,Ust-Omchug,RU,2021-01-05 04:10:56,61.15,149.63,-16.26,83,100,6.49
291,Tiarei,PF,2021-01-05 04:10:56,-17.53,-149.33,78.8,74,75,5.82
292,Hithadhoo,MV,2021-01-05 04:10:56,-0.6,73.08,83.08,74,100,17.45
293,Snyder,US,2021-01-05 04:10:57,32.72,-100.92,42.8,60,1,3.83
294,Tonj,SS,2021-01-05 04:10:57,7.27,28.68,70.11,34,81,2.73
295,Nacala,MZ,2021-01-05 04:10:57,-14.54,40.67,77.38,87,58,3.56
296,Santa Pola,ES,2021-01-05 04:10:58,38.19,-0.57,44.6,56,0,16.11
297,Gamba,GA,2021-01-05 04:10:58,-2.65,10.0,75.79,89,50,2.95
298,Kysyl-Syr,RU,2021-01-05 04:10:58,63.9,122.76,-38.87,80,49,4.34
299,Zhangye,CN,2021-01-05 04:10:58,38.93,100.45,13.96,75,1,3.13
300,Quatre Cocos,MU,2021-01-05 04:10:59,-20.21,57.76,81.0,78,40,6.93
301,Pimentel,PE,2021-01-05 04:10:59,-6.84,-79.93,68.63,84,98,8.99
302,Marquard,ZA,2021-01-05 04:10:59,-28.66,27.43,61.36,83,96,6.02
303,Broome,US,2021-01-05 04:11:00,42.25,-75.83,33.01,92,90,3.36
304,Mikumi,TZ,2021-01-05 04:11:00,-7.4,36.98,69.73,94,82,3.36
305,Meleuz,RU,2021-01-05 04:11:00,52.97,55.92,5.76,93,100,4.7
306,Lamu,KE,2021-01-05 04:11:01,-2.27,40.9,78.8,83,20,4.7
307,Yerbogachen,RU,2021-01-05 04:11:01,61.28,108.01,-24.81,83,100,9.86
308,Constitucion,CL,2021-01-05 04:11:01,-35.33,-72.42,58.23,63,2,6.58
309,Cuamba,MZ,2021-01-05 04:11:02,-14.8,36.54,69.03,94,99,1.86
310,Alice Springs,AU,2021-01-05 04:11:02,-23.7,133.88,77.0,64,75,8.05
311,Ocampo,MX,2021-01-05 04:11:02,21.65,-101.5,47.73,45,33,5.28
312,Tuatapere,NZ,2021-01-05 04:11:03,-46.13,167.68,57.67,83,99,1.68
313,Belmonte,BR,2021-01-05 04:11:03,-15.86,-38.88,77.0,78,75,9.17
314,Petropavlovsk-Kamchatskiy,RU,2021-01-05 04:11:04,53.05,158.65,23.0,57,40,4.47
315,Tacoronte,ES,2021-01-05 04:11:04,28.48,-16.41,63.0,77,0,13.76
316,Garoua,CM,2021-01-05 04:11:05,9.3,13.4,70.03,27,0,1.81
317,Requena,ES,2021-01-05 04:11:05,39.49,-1.1,26.01,76,0,4.7
318,Kokopo,PG,2021-01-05 04:11:06,-4.35,152.26,86.05,53,29,3.09
319,Tinalmud,PH,2021-01-05 04:11:06,13.59,122.88,83.82,67,62,3.69
320,Adrar,MR,2021-01-05 04:11:07,20.5,-10.07,63.84,38,66,7.74
321,College,US,2021-01-05 04:11:07,64.86,-147.8,-9.99,68,40,2.1
322,Ostersund,SE,2021-01-05 04:11:07,63.18,14.64,14.0,92,50,1.59
323,North Platte,US,2021-01-05 04:11:08,41.12,-100.77,26.6,79,1,4.7
324,Vangaindrano,MG,2021-01-05 04:11:08,-23.35,47.6,76.03,85,68,5.37
325,Saint-Pierre,RE,2021-01-05 04:11:08,-21.34,55.48,78.8,74,90,11.41
326,Marion,US,2021-01-05 04:10:02,39.77,-86.16,35.01,89,1,3.15
327,Bonavista,CA,2021-01-05 04:11:09,48.65,-53.11,24.8,92,47,3.36
328,Paamiut,GL,2021-01-05 04:11:09,61.99,-49.67,30.9,99,100,21.12
329,Nantucket,US,2021-01-05 04:09:08,41.28,-70.1,39.2,86,90,19.46
330,Springdale,US,2021-01-05 04:11:10,36.19,-94.13,42.8,81,1,8.05
331,Inhambane,MZ,2021-01-05 04:11:10,-23.86,35.38,77.0,88,40,0.72
332,Shelburne,CA,2021-01-05 04:11:10,44.08,-80.2,30.99,95,100,4.38
333,Sechura,PE,2021-01-05 04:11:11,-5.56,-80.82,70.9,78,100,8.81
334,Bengkulu,ID,2021-01-05 04:11:11,-3.8,102.27,85.42,66,48,7.81
335,Gurupi,BR,2021-01-05 04:11:11,-11.73,-49.07,73.72,88,94,2.04
336,Murray Bridge,AU,2021-01-05 04:10:09,-35.12,139.27,66.99,52,98,20.76
337,Margate,GB,2021-01-05 04:11:12,51.38,1.39,41.0,80,100,5.01
338,San Angelo,US,2021-01-05 04:07:15,31.46,-100.44,46.4,65,1,5.82
339,Iqaluit,CA,2021-01-05 04:11:13,63.75,-68.51,-22.0,67,20,4.7
340,Hyeres,FR,2021-01-05 04:11:13,43.12,6.12,35.6,93,0,6.93
341,Megalopoli,GR,2021-01-05 04:11:13,37.4,22.14,51.01,100,20,4.81
342,Abaete,BR,2021-01-05 04:07:49,-19.16,-45.45,69.31,89,87,1.9
343,Hajiganj,BD,2021-01-05 04:11:14,23.25,90.86,76.37,44,87,4.76
344,Pakxan,LA,2021-01-05 04:11:14,18.38,103.66,81.0,47,7,3.49
345,Narsaq,GL,2021-01-05 04:11:14,60.92,-46.05,28.4,58,100,2.24
346,Toritama,BR,2021-01-05 04:11:14,-8.01,-36.06,70.65,84,54,5.68
347,Bemidji,US,2021-01-05 04:11:15,47.47,-94.88,26.01,92,1,8.05
348,Vostochnyy,RU,2021-01-05 04:11:15,55.82,37.87,28.4,92,90,6.71
349,Sarangani,PH,2021-01-05 04:11:15,5.4,125.46,82.45,79,100,21.74
350,Bubaque,GW,2021-01-05 04:11:15,11.28,-15.83,79.93,51,0,6.22
351,Kaeo,NZ,2021-01-05 04:11:16,-35.1,173.78,73.31,56,18,8.34
352,Orotukan,RU,2021-01-05 04:11:16,62.27,151.7,-23.21,84,100,1.25
353,Bataipora,BR,2021-01-05 04:07:37,-22.3,-53.27,70.75,95,100,3.8
354,Chagoda,RU,2021-01-05 04:11:16,59.16,35.33,22.08,98,99,3.4
355,Yulara,AU,2021-01-05 04:11:17,-25.24,130.99,80.6,30,75,14.99
356,Lata,PT,2021-01-05 04:11:17,40.16,-8.33,39.0,92,0,3.18
357,Dingle,PH,2021-01-05 04:11:17,11.0,122.67,82.76,73,99,15.5
358,Denderleeuw,BE,2021-01-05 04:11:18,50.89,4.06,37.0,82,100,9.73
359,Gaogou,CN,2021-01-05 04:11:18,34.02,119.19,34.41,81,100,13.87
360,Fomboni,KM,2021-01-05 04:11:18,-12.28,43.74,83.39,71,0,9.01
361,Thinadhoo,MV,2021-01-05 04:11:19,0.53,72.93,82.78,73,84,11.77
362,Laramie,US,2021-01-05 04:09:13,41.31,-105.59,35.6,27,1,12.75
363,Qaqortoq,GL,2021-01-05 04:11:19,60.72,-46.03,28.4,58,100,2.24
364,Prince Rupert,CA,2021-01-05 04:08:08,54.32,-130.32,44.6,70,90,17.22
365,Tangjiazhuang,CN,2021-01-05 04:11:19,39.73,118.45,20.44,56,0,8.9
366,Shimoda,JP,2021-01-05 04:11:20,34.67,138.95,53.6,34,75,14.99
367,Olinda,BR,2021-01-05 04:11:20,-8.01,-34.86,78.8,65,40,5.82
368,Bastos,BR,2021-01-05 04:08:45,-21.92,-50.73,72.55,77,100,3.65
369,Lewistown,US,2021-01-05 04:11:21,40.6,-77.57,33.8,100,90,1.52
370,Musafirkhana,IN,2021-01-05 04:11:21,26.37,81.8,72.97,48,99,4.23
371,Wanaka,NZ,2021-01-05 04:11:21,-44.7,169.15,51.84,82,100,3.6
372,Grass Valley,US,2021-01-05 04:10:39,39.22,-121.06,45.0,93,69,5.82
373,Hun,LY,2021-01-05 04:11:22,29.13,15.95,47.08,55,44,4.27
374,Montrose,US,2021-01-05 04:09:06,38.42,-108.27,34.0,73,54,4.29
375,Svetlyy,RU,2021-01-05 04:11:22,54.67,20.13,32.0,96,90,11.18
376,Acarau,BR,2021-01-05 04:11:23,-2.89,-40.12,84.2,70,20,2.24
377,Kuusamo,FI,2021-01-05 04:11:23,65.97,29.18,-0.4,91,90,2.24
378,Nettuno,IT,2021-01-05 04:11:24,41.48,12.68,46.0,82,56,7.0
379,Meybod,IR,2021-01-05 04:11:24,32.25,54.02,28.4,58,40,2.24
380,Asifabad,IN,2021-01-05 04:11:24,19.37,79.28,77.27,51,48,2.98
381,Lagunas,PE,2021-01-05 04:11:24,-5.23,-75.68,74.91,93,100,1.05
382,Najran,SA,2021-01-05 04:11:25,17.49,44.13,51.8,71,0,1.74
383,Balangiga,PH,2021-01-05 04:11:25,11.11,125.39,84.67,68,99,11.97
384,Sabha,LY,2021-01-05 04:11:25,27.04,14.43,50.14,52,81,10.22
385,Hervey Bay,AU,2021-01-05 04:11:25,-25.3,152.85,87.8,52,40,8.05
386,Takaungu,KE,2021-01-05 04:11:26,-3.68,39.86,77.0,94,20,3.36
387,San Fernando,PH,2021-01-05 04:11:26,15.03,120.69,86.0,62,75,6.93
388,Tura,IN,2021-01-05 04:11:26,25.52,90.22,74.52,47,100,1.77
389,Birjand,IR,2021-01-05 04:11:26,32.87,59.22,21.2,29,0,9.17
390,Sobolevo,RU,2021-01-05 04:11:27,54.43,31.9,29.62,99,99,7.92
391,Likasi,CD,2021-01-05 04:11:27,-10.98,26.73,62.04,98,91,4.85
392,Labuan,MY,2021-01-05 04:11:27,5.28,115.24,84.2,74,20,3.36
393,Skibbereen,IE,2021-01-05 04:11:27,51.55,-9.27,35.6,91,0,13.87
394,Shache,CN,2021-01-05 04:11:28,38.42,77.24,18.36,91,87,6.82
395,Port Lincoln,AU,2021-01-05 04:11:28,-34.73,135.87,63.75,63,95,19.39
396,Apricena,IT,2021-01-05 04:11:28,41.78,15.44,39.2,86,5,5.82
397,Fort Nelson,CA,2021-01-05 04:09:19,58.81,-122.7,-5.8,76,90,5.82
398,Utica,US,2021-01-05 04:11:29,43.1,-75.23,33.01,90,100,1.99
399,Parati,BR,2021-01-05 04:09:48,-23.22,-44.71,71.71,81,100,3.29
400,Mehamn,NO,2021-01-05 04:11:29,71.04,27.85,39.2,78,75,11.41
401,Abu Kamal,SY,2021-01-05 04:11:29,34.45,40.92,47.86,51,99,3.58
402,Dudinka,RU,2021-01-05 04:11:30,69.41,86.18,-13.0,75,90,17.9
403,Kudahuvadhoo,MV,2021-01-05 04:11:30,2.67,72.89,82.22,73,98,4.61
404,Medea,DZ,2021-01-05 04:11:30,36.26,2.75,42.8,70,20,4.7
405,Pierre,US,2021-01-05 04:11:31,44.37,-100.35,35.01,55,1,4.7
406,Teixoso,PT,2021-01-05 04:11:31,40.31,-7.46,27.0,92,0,3.09
407,Chimbote,PE,2021-01-05 04:11:32,-9.09,-78.58,69.84,83,89,5.3
408,Alofi,NU,2021-01-05 04:11:32,-19.06,-169.92,78.8,94,75,1.12
409,Cordoba,AR,2021-01-05 04:08:26,-31.41,-64.18,69.8,73,40,31.09
410,Vao,NC,2021-01-05 04:11:32,-22.67,167.48,79.27,85,73,22.53
411,Rairangpur,IN,2021-01-05 04:11:33,22.27,86.18,62.6,77,40,3.6
412,Poplar Bluff,US,2021-01-05 04:11:33,36.76,-90.39,42.8,87,20,4.7
413,Beringovskiy,RU,2021-01-05 04:11:33,63.05,179.32,-8.09,88,57,16.58
414,Sao Filipe,CV,2021-01-05 04:11:33,14.9,-24.5,74.14,79,100,1.7
415,Jalu,LY,2021-01-05 04:11:34,29.03,21.55,52.25,79,22,12.26
416,Arlit,NE,2021-01-05 04:11:34,18.74,7.39,71.78,22,0,5.32
417,Tazmalt,DZ,2021-01-05 04:11:34,36.39,4.4,42.8,56,0,11.41
418,Erbaa,TR,2021-01-05 04:11:35,40.67,36.57,51.8,34,0,9.17
419,Banjar,ID,2021-01-05 04:11:35,-8.19,114.97,77.0,94,75,10.29
420,Savannah Bight,HN,2021-01-05 04:11:35,16.45,-85.85,77.0,81,0,15.28
421,Kawai,JP,2021-01-05 04:11:36,34.23,135.85,46.99,64,75,2.24
422,Saint-Denis,FR,2021-01-05 04:11:36,48.92,2.33,37.99,86,90,6.93
423,Vuktyl,RU,2021-01-05 04:11:36,63.86,57.31,-0.18,93,82,4.74
424,Locri,IT,2021-01-05 04:11:36,38.24,16.26,46.4,70,0,3.36
425,Mzimba,MW,2021-01-05 04:11:37,-11.9,33.6,64.02,93,100,1.95
426,Yago,MX,2021-01-05 04:11:37,21.83,-105.07,64.09,53,32,3.22
427,Ternate,ID,2021-01-05 04:11:38,0.8,127.4,85.64,66,21,4.12
428,Leshukonskoye,RU,2021-01-05 04:11:38,64.9,45.76,1.26,94,91,4.14
429,Nara,JP,2021-01-05 04:11:38,34.69,135.8,46.99,52,75,2.24
430,Chifeng,CN,2021-01-05 04:11:38,42.27,118.96,1.45,82,0,7.16
431,Porto Novo,BJ,2021-01-05 04:09:13,6.5,2.6,75.2,94,20,3.36
432,Doha,QA,2021-01-05 04:08:59,25.29,51.53,64.4,77,0,2.24
433,Walvis Bay,NA,2021-01-05 04:11:39,-22.96,14.51,69.01,82,4,2.24
434,Lorengau,PG,2021-01-05 04:11:40,-2.02,147.27,86.34,68,98,12.21
435,Pasni,PK,2021-01-05 04:11:40,25.26,63.47,58.32,37,0,23.6
436,Manvi,IN,2021-01-05 04:11:34,15.98,77.05,73.09,71,99,8.97
437,Riyadh,SA,2021-01-05 04:10:34,24.69,46.72,53.6,71,0,3.36
438,Clyde River,CA,2021-01-05 04:07:51,70.47,-68.59,-20.2,75,1,4.7
439,Anadyr,RU,2021-01-05 04:11:41,64.75,177.48,-11.0,69,0,8.95
440,Novikovo,RU,2021-01-05 04:11:41,51.15,37.89,28.47,97,100,10.18
441,Bonthe,SL,2021-01-05 04:11:41,7.53,-12.51,78.93,83,28,4.03
442,Siparia,TT,2021-01-05 04:11:42,10.13,-61.5,69.01,92,31,7.99
443,Xinzhi,CN,2021-01-05 04:11:42,36.5,111.7,28.26,64,11,11.21
444,Muyezerskiy,RU,2021-01-05 04:11:42,63.93,31.65,7.11,95,86,2.35
445,Aguada De Pasajeros,CU,2021-01-05 04:11:43,22.39,-80.85,66.2,93,53,3.36
446,Champerico,GT,2021-01-05 04:11:43,14.3,-91.92,64.99,97,1,5.73
447,Diapaga,BF,2021-01-05 04:11:43,12.07,1.79,74.79,20,1,5.86
448,San Quintin,MX,2021-01-05 04:11:43,30.48,-115.95,57.15,86,90,8.32
449,Magadan,RU,2021-01-05 04:11:44,59.57,150.8,-2.6,83,100,10.31
450,Cedar City,US,2021-01-05 04:06:49,37.68,-113.06,37.4,59,1,6.93
451,George Town,MY,2021-01-05 04:09:02,5.41,100.34,84.0,78,40,9.17
452,Lerwick,GB,2021-01-05 04:11:44,60.15,-1.15,39.2,93,99,8.05
453,Valparaiso,CL,2021-01-05 04:08:27,-33.04,-71.63,57.2,82,90,5.82
454,Lenggries,DE,2021-01-05 04:11:45,47.68,11.57,27.0,87,49,3.0
455,Piranshahr,IR,2021-01-05 04:11:45,36.7,45.14,26.44,90,70,6.17
456,San Bartolome De Tirajana,ES,2021-01-05 04:11:45,27.92,-15.57,64.99,77,20,4.7
457,Rutana,BI,2021-01-05 04:11:46,-3.87,30.1,54.99,98,26,2.44
458,Kholodnyy,RU,2021-01-05 04:11:46,62.72,147.95,-15.43,84,100,3.02
459,Ingham,US,2021-01-05 04:11:46,42.6,-84.38,30.2,86,90,6.96
460,Alugan,PH,2021-01-05 04:11:47,12.22,125.48,83.91,69,100,11.41
461,Vanimo,PG,2021-01-05 04:11:47,-2.67,141.3,83.93,75,100,6.33
462,Broken Hill,AU,2021-01-05 04:11:47,-31.95,141.43,77.0,31,0,11.41
463,Haines Junction,CA,2021-01-05 04:11:47,60.75,-137.51,6.55,90,100,1.74
464,Dryden,CA,2021-01-05 04:11:48,49.78,-92.75,26.6,92,90,8.05
465,Coihaique,CL,2021-01-05 04:11:48,-45.58,-72.07,51.8,66,0,3.36
466,Kathmandu,NP,2021-01-05 04:11:48,27.72,85.32,55.4,76,75,2.24
467,Komsomolskiy,UZ,2021-01-05 04:11:48,40.43,71.72,19.4,85,75,1.5
468,Majene,ID,2021-01-05 04:11:49,-3.54,118.97,85.32,69,88,4.76
469,Bafoussam,CM,2021-01-05 04:11:49,5.47,10.42,58.82,65,0,1.72
470,Touros,BR,2021-01-05 04:11:49,-5.2,-35.46,78.8,78,40,8.05
471,Salinopolis,BR,2021-01-05 04:11:49,-0.61,-47.36,79.39,83,97,9.48
472,Salaga,GH,2021-01-05 04:11:50,8.55,-0.52,78.96,60,0,4.99
473,Bac Lieu,VN,2021-01-05 04:11:50,9.29,105.72,83.1,72,96,21.72
474,Korla,CN,2021-01-05 04:11:50,41.76,86.15,17.73,78,0,6.53
475,Faya,SA,2021-01-05 04:11:50,18.39,42.45,50.0,81,0,1.54
476,Caravelas,BR,2021-01-05 04:11:51,-17.71,-39.25,75.99,87,0,7.45
477,Kajansi,UG,2021-01-05 04:11:51,0.21,32.52,68.0,88,20,3.36
478,Moree,AU,2021-01-05 04:11:51,-29.47,149.85,87.8,48,13,6.93
479,Hohhot,CN,2021-01-05 04:11:51,40.81,111.65,1.4,64,0,4.47
480,Raduzhnyy,RU,2021-01-05 04:11:52,62.1,77.47,-25.26,84,0,5.41
481,Port Hardy,CA,2021-01-05 04:11:52,50.7,-127.42,42.8,100,75,4.7
482,Coquimbo,CL,2021-01-05 04:11:52,-29.95,-71.34,59.0,87,7,3.36
483,Batagay,RU,2021-01-05 04:11:52,67.63,134.63,-40.04,77,3,3.24
484,Beian,NO,2021-01-05 04:11:53,63.66,9.57,26.6,86,40,14.99
485,Vrangel,RU,2021-01-05 04:11:53,42.73,133.08,13.19,74,0,11.45
486,Vostok,RU,2021-01-05 04:11:53,46.49,135.88,-4.32,82,53,5.99
487,De Aar,ZA,2021-01-05 04:11:54,-30.65,24.01,64.4,86,100,4.47
488,Kavaratti,IN,2021-01-05 04:11:54,10.57,72.64,82.4,74,40,4.7
489,Asosa,ET,2021-01-05 04:11:54,10.07,34.53,62.96,36,1,5.19
490,Olavarria,AR,2021-01-05 04:11:54,-36.89,-60.32,68.0,92,100,7.0
491,Buraydah,SA,2021-01-05 04:11:55,26.33,43.98,53.6,100,75,8.05
492,Illescas,ES,2021-01-05 04:11:55,40.12,-3.85,35.01,86,0,3.36
493,Hualmay,PE,2021-01-05 04:11:55,-11.1,-77.61,70.02,82,100,5.5
494,Nouadhibou,MR,2021-01-05 04:11:05,20.93,-17.03,68.5,64,78,10.65
495,Andros Town,BS,2021-01-05 04:10:10,24.7,-77.77,71.6,88,75,3.36
496,Wajima,JP,2021-01-05 04:11:56,37.4,136.9,35.6,100,75,9.17
497,Acari,PE,2021-01-05 04:11:56,-15.43,-74.62,71.55,72,91,3.58
498,Ponta Delgada,PT,2021-01-05 04:11:56,37.73,-25.67,59.0,87,75,14.99
499,Pochinki,RU,2021-01-05 04:11:57,54.7,44.87,30.06,98,100,8.66
500,Thunder Bay,CA,2021-01-05 04:11:57,48.4,-89.32,32.0,92,75,6.93
501,Nuuk,GL,2021-01-05 04:11:57,64.18,-51.72,21.2,92,100,3.36
502,Fare,PF,2021-01-05 04:11:57,-16.7,-151.02,81.84,72,100,18.01
503,Port Keats,AU,2021-01-05 04:11:58,-14.25,129.55,90.01,68,100,8.93
504,Meulaboh,ID,2021-01-05 04:11:58,4.14,96.13,85.39,59,45,4.63
505,Matagami,CA,2021-01-05 04:11:58,49.75,-77.63,28.4,100,90,10.29
506,Brae,GB,2021-01-05 04:11:58,60.4,-1.35,39.2,93,100,8.05
507,Byron Bay,AU,2021-01-05 04:10:06,-28.65,153.62,90.0,66,40,16.11
508,Puerto Leguizamo,CO,2021-01-05 04:11:59,-0.19,-74.78,74.07,78,40,3.42
509,Zhanaozen,KZ,2021-01-05 04:11:59,43.3,52.8,20.3,94,0,11.39
510,Grindavik,IS,2021-01-05 04:11:59,63.84,-22.43,33.8,71,75,8.05
511,Marystown,CA,2021-01-05 04:12:00,47.17,-55.15,31.15,95,100,14.52
512,Jerez,GT,2021-01-05 04:12:00,14.1,-89.75,65.34,96,7,3.02
513,Acapulco,MX,2021-01-05 04:11:27,16.86,-99.89,78.8,88,5,3.36
514,Kahului,US,2021-01-05 04:10:05,20.89,-156.47,80.6,57,40,12.75
515,La Ronge,CA,2021-01-05 04:11:20,55.1,-105.28,10.4,85,36,3.36
516,Dukat,RU,2021-01-05 04:12:01,62.55,155.55,-34.89,82,100,4.16
517,Nongstoin,IN,2021-01-05 04:12:02,25.52,91.27,68.36,36,100,3.09
518,Taoudenni,ML,2021-01-05 04:12:02,22.68,-3.98,64.72,24,74,6.13
519,Sungaipenuh,ID,2021-01-05 04:12:02,-2.08,101.38,81.63,56,63,1.86
520,Arkhara,RU,2021-01-05 04:12:03,49.42,130.08,-16.44,86,85,6.49
521,Stalowa Wola,PL,2021-01-05 04:12:03,50.58,22.05,39.99,97,100,5.01
522,Cururupu,BR,2021-01-05 04:12:03,-1.83,-44.87,75.6,92,99,3.04
523,Soure,BR,2021-01-05 04:08:35,-0.72,-48.52,80.33,80,100,10.13
524,Mwanza,TZ,2021-01-05 04:12:04,-2.52,32.9,66.2,93,40,6.93
525,Moron,AR,2021-01-05 04:12:04,-34.65,-58.62,75.0,86,85,3.0
526,Sorong,ID,2021-01-05 04:12:05,-0.88,131.25,83.19,76,79,4.88
527,Sur,OM,2021-01-05 04:12:05,22.57,59.53,69.35,38,0,11.77
528,Nyurba,RU,2021-01-05 04:12:05,63.28,118.33,-24.88,84,100,7.31
529,Dire,ML,2021-01-05 04:12:05,12.28,-10.97,68.85,29,0,1.01
530,Road Town,VG,2021-01-05 04:09:33,18.42,-64.62,75.0,87,30,15.01
531,Banda Aceh,ID,2021-01-05 04:12:06,5.56,95.32,80.82,78,99,11.56
532,Matara,LK,2021-01-05 04:12:06,5.95,80.54,82.71,71,44,5.84
533,Beira,MZ,2021-01-05 04:12:07,-19.84,34.84,77.0,94,20,3.36
534,San Rafael,AR,2021-01-05 04:12:07,-34.62,-68.33,62.85,77,99,3.53
535,Tateyama,JP,2021-01-05 04:12:07,34.98,139.87,53.6,34,75,14.99
536,Susanino,RU,2021-01-05 04:12:07,58.15,41.59,23.04,98,97,4.32
537,Dolores,AR,2021-01-05 04:12:08,-36.31,-57.68,66.34,95,92,10.42
538,Bandarbeyla,SO,2021-01-05 04:12:08,9.49,50.81,72.99,68,36,16.91
539,Havre-Saint-Pierre,CA,2021-01-05 04:12:08,50.23,-63.6,26.6,79,90,4.7
540,Wesselsbron,ZA,2021-01-05 04:12:09,-27.85,26.37,64.0,94,98,3.62
541,Oranjemund,NA,2021-01-05 04:12:09,-28.55,16.43,65.21,91,100,3.69
542,Impfondo,CG,2021-01-05 04:12:09,1.64,18.07,71.58,90,96,2.71
543,Bairiki,KI,2021-01-05 04:12:09,1.33,172.98,84.2,74,75,14.99
544,Manaure,CO,2021-01-05 04:12:10,11.78,-72.44,75.4,78,0,6.62
545,Mitsamiouli,KM,2021-01-05 04:12:10,-11.38,43.28,82.58,74,23,9.15
546,Songjianghe,CN,2021-01-05 04:12:10,42.19,127.48,3.42,74,12,5.44
547,Los Llanos De Aridane,ES,2021-01-05 04:12:10,28.66,-17.92,69.8,60,75,5.82
